BookCode,BookName,PublisherCode
B03212049,Introduction to The Design and Analysis of Algorithms,P02020021
B03212050,Operating System Concepts,P02020022
B03212051,Advanced Concepts in Operating Systems 6th,P02020023
B03212052,Beginning XML 2nd,P02020024
B03212053,Core Java 2 Volume II,P02020025
B03212054,A Biography Compiled,P02020021
B03212055,Academic Culture,P02020021
B03212056,Achieving Broad Development,P02020021
B03212057,Achieving a Productive Aging Society,P02020021
B03212058,Portrait of a Marching Black,P02020021
B03212059,Automatically Adaptable Software,P02020022
B03212060,Problems in Psychology,P02020022
B03212061,Human Relations in a Factory,P02020022
B03212062,Admiral Halsey's Story,P02020023
B03212063,Theoretical and Research Perspectives,P02020024
B03212064,The Adolescent in Turmoil,P02020021
B03212065,Adolphus, a Tale,P02020024
B03212066,Adventures,P02020021
B03212067,Aerogeology,P02020021
1234,BaoLam,HIU
